Month_x,sick death
April,3667.7692307692305
August,2808.3027777777784
December,3945.4117647058815
February,4555.918918918918
January,5069.3488372093025
July,2860.9750000000004
June,3031.8157894736837
March,4171.179487179488
May,3211.825
November,3374.517417135709
October,3181.3991192411922
September,2949.2886446886446
